name,result,processed,isValid,listCount,col
cmdb_model,,FALSE,,,name
cmn_department,,FALSE,,,app_name
kb_knowledge,,FALSE,,,text
licensable_app,,FALSE,,,app_name
alm_asset,,FALSE,,,display_name
sys_attachment,,FALSE,,,file_name
sys_attachment_doc,,FALSE,,,data
oauth_entity,,FALSE,,,name
cmn_cost_center,,FALSE,,,name
cmdb_model,,FALSE,,,name
sc_cat_item,,FALSE,,,name
sn_admin_center_application,,FALSE,,,name
cmn_company,,FALSE,,,name
customer_account,,FALSE,,,name
sys_email_attachment,,FALSE,,,email
cmn_notif_device,,FALSE,,,email_address
sys_portal_age,,FALSE,,,display_name
incident,,FALSE,,,short_description
work_order,,FALSE,,,number
sc_request,,FALSE,,,short_description
sc_req_item,,FALSE,,,short_description
sn_customerservice_case,,FALSE,,,number
task,,FALSE,,,number
customer_project,,FALSE,,,number
customer_project_task,,FALSE,,,number
sys_user,,FALSE,,,name
customer_contact,,FALSE,,,name
ast_contract,,FALSE,,,name